plot,cluster,azimuth,distance
07_04,1,239.98762892340685,13.814684081833953
07_04,2,229.14340907049527,3.2203439413156425
07_04,3,131.0138762335997,4.1380134513432205
07_04,4,110.4209875959943,6.181040207308214
07_04,5,105.95317120452044,19.688280601223955
07_04,6,103.21854654939857,18.45321941824765
07_04,7,99.06593542514533,18.56096017881981
07_04,8,87.98666978073352,19.32504384752344
07_04,9,68.53774398934891,16.649173995916907
07_04,10,71.31339004442577,16.83125747507617
07_04,11,66.64762530368647,11.9125394947648
07_04,12,67.1241885880502,10.498059075294226
07_04,13,64.75437784443152,17.53935834384639
07_04,14,52.217789171732576,7.462452519057779
07_04,15,33.09444303849507,4.738885846382998
07_04,16,51.691932160824365,5.817072731671344
07_04,17,42.92626204948523,5.272448056972427
07_04,18,52.55464860092293,8.303623561858263
07_04,19,28.057857175428573,5.235414362574295
07_04,20,30.12001234588607,5.796322664469836
07_04,21,315.1229153413651,19.98626162393361
07_04,22,299.9121359891087,6.0157068356874435
07_04,23,299.68354102692103,18.456236337014417
07_04,24,175.75227467813804,6.64953924269391
07_04,25,134.40198999639247,20.036051356953294
07_04,26,122.78238032926994,21.31575904419817
07_04,27,128.18653211628376,7.132520547344111
07_04,28,198.18790332661644,19.967300575844696
07_04,29,217.8517425542672,13.183565766929872
07_04,30,223.11922762069202,10.916373399720515
07_04,31,38.55083768181232,19.226403987573157
07_04,32,260.352227705921,18.642127158554285
07_04,33,75.7142183124429,13.304500631186718
07_04,34,263.1951645427319,19.227167676694094
07_04,35,296.1467332386084,18.886847417251577
07_04,36,139.5165934908422,14.81887444352904
07_04,37,145.91879979160686,13.958983659055482
07_04,38,145.28506959793947,13.317390937020281
07_04,39,148.19902246184503,12.852499603662945
07_04,40,146.079272067647,14.363240281941824
07_04,41,143.49289380898983,14.667137539086049
07_04,42,44.726126191474506,19.434337519222506
07_04,43,45.25974963366081,19.88888959755181
07_04,44,215.9607699141755,15.93593237159659
07_04,45,82.43201707485872,14.793472403552302
07_04,46,173.15197308596387,13.072170450199671
07_04,47,84.18429447612517,16.951688578967204
07_04,48,82.46036134357712,21.994840604305146
07_04,49,327.827864366158,10.895069621666785
07_04,50,327.085560500809,16.503407138953083
07_04,51,324.1183759601035,16.98093895010122
07_04,52,138.72744272893817,19.749292063523928
07_04,53,123.0717730379008,19.21753009707966
07_04,54,330.8002981998402,16.418642158152085
07_04,55,326.78352574148107,18.23985866244337
07_04,56,329.159227410668,18.07509742802505
07_04,57,326.5452875603366,19.589514228991117
07_04,58,78.19481673235285,20.076884590816793
07_04,59,92.8693018939535,18.214669937116362
07_04,60,28.75383788222033,16.31377471327067
07_04,61,27.727435632424026,18.724150317083303
07_04,62,28.483490169047148,16.759513440120553
07_04,63,128.4904069064305,18.71555845037861
07_04,64,40.127378005328964,20.357523951470643
07_04,65,46.27441365161553,21.36255310045156
07_04,66,351.9447746773778,17.754421400326823
07_04,67,350.5903908310558,21.879371478779298
07_04,68,140.9040366822127,19.632678741021905
07_04,69,118.45854389509864,20.263244590612615
07_04,70,20.87309860101871,14.432594291761996
07_04,71,14.412472966634123,12.48491297568573
07_04,72,15.43021110713356,21.74208333115595
07_04,73,149.83339317387717,21.965792753859414
07_04,74,150.25770702895653,13.619116559873437
07_04,75,144.01388376402855,11.173394767993965
07_04,76,118.11618683811055,19.92515117948656
07_04,77,130.31950174573328,19.774531816261675
BM01,1,265.6148464442575,9.63861807777632
BM01,2,227.96638436184733,6.648327923161204
BM01,3,232.57062895157844,7.32636455074698
BM01,4,209.52167744780684,13.722949126814173
BM01,5,205.6737092060138,10.855939079175151
BM01,6,227.11616131301963,8.945305283340236
BM01,7,220.86496859292492,7.199452897838722
BM01,8,217.13957510023948,7.083675641353167
BM01,9,186.476002806343,8.680214148318173
BM01,10,207.9493079275666,7.414543488035387
BM01,11,239.35752059396899,11.370521448004569
BM01,12,242.42799941165006,11.968413554754358
BM01,13,89.22429590702733,4.683426525423495
BM01,14,247.54349564851827,11.30692286010256
BM01,15,218.68125483239632,13.36305024426523
BM01,16,215.04036931176645,8.648330119356125
BM01,17,96.62950477437371,18.82897927453741
BM01,18,286.5747316818497,4.977110906572447
BM01,19,102.725307449131,16.056785039146803
BM01,20,181.16553396451405,10.027735158089504
BM01,21,147.3341282401051,9.815419804755125
BM01,22,179.1405611027177,9.675766084697326
BM01,23,112.96429189744181,16.810877408503767
BM01,24,176.957923099576,11.271413589055658
BM01,25,93.7640044646359,18.15382451150888
BM01,26,100.6878481824098,6.667221412075623
BM01,27,99.4455406026711,17.17087978996547
BM01,28,99.95357485847838,18.187001164177424
BM01,29,105.56331281247401,17.441219736751368
BM01,30,205.48601548866174,5.778784788729455
BM01,31,271.6190887343224,4.9321870638193
BM01,32,198.4902894867271,2.4075728411651176
BM01,33,120.0592652467692,15.899884748166615
BM01,34,106.92489325981998,14.837063505601382
BM01,35,122.63059814381499,10.907670802119199
BM01,36,44.070956322975185,6.691096576417323
BM01,37,111.57436202329869,6.8918607671796135
BM01,38,105.96527221271619,12.517480142786646
BM01,39,113.8953846822345,14.438541979632033
BM01,40,114.6039668026971,12.061127257458653
BM01,41,97.03413146004424,9.998149937037288
BM01,42,110.81865871508168,12.314914177424834
BM01,43,100.24742034373283,10.536571539180958
BM01,44,109.70856903851568,11.831715395290482
BM01,45,104.93844414661365,11.529192114436917
BM01,46,100.19141683466344,11.254018298218172
BM01,47,114.40281637694413,13.239855865008787
BM01,48,122.61795362323018,13.588993757137398
BM01,49,29.605111540170906,5.697507217265168
BM01,50,90.07517772904711,9.072757034867413
BM01,51,170.9229686951077,7.524382916691053
BM01,52,107.71320074566128,6.9880346977741326
BM01,53,112.20346676664558,8.18027130948191
BM01,54,114.60519554599878,7.5999451410139365
BM01,55,163.2953280900313,4.924632409948776
BM01,56,176.29875249426195,5.057872306608112
BM01,57,182.47980266421305,6.245651074055574
BM01,58,184.60917705364372,6.452987845258675
BM01,59,183.48676760522034,5.423703599021577
BM01,60,36.60864760112348,4.497656623542916
BM01,61,135.57476748024564,9.470926045952554
BM01,62,115.18074352084705,8.590393648777134
BM01,63,126.21010105199447,8.92192528543188
BM01,64,122.69376167316278,7.145606106422452
BM01,65,122.13320456001213,8.043480448026655
BM01,66,129.3020171919836,8.17124610465381
BM01,67,178.78008727498266,2.6247134981000384
BM01,68,211.48964168448182,5.31302713115826
BM01,69,135.10178847549756,8.263522925546027
BM01,70,152.773057785486,8.284730939932436
BM01,71,129.7800458465341,5.809467981352748
BM01,72,150.43239505692551,5.226503417220395
BM01,73,138.47511466445857,7.531498621871357
BM01,74,86.83345673405375,15.112081071041493
BM01,75,86.65090232794327,14.45321431341114
BM01,76,88.3306253055873,15.185578403047947
BM01,77,95.15944162605783,16.762128921804724
BM01,78,92.32808977060643,17.297499287524083
BM01,79,94.5281225823044,14.72802210868357
BM01,80,57.21103178025341,4.519920830587209
BM01,81,62.820900381241366,21.96339737098865
BM01,82,107.28020780025676,20.106048737614632
BM01,83,104.90528748119897,20.684133184320064
BM01,84,109.88960885823052,19.62643419756961
BM01,85,109.21212062715679,20.879091862195537
BM01,86,112.78530295049971,20.424945553686968
BM01,87,55.906905477057606,21.50691356198051
BM01,88,141.32656403740813,11.522452138783063
BM01,89,139.9920295420003,20.050604523602274
BM01,90,104.8908758063113,19.777021276122586
BM01,91,109.96682216186495,19.17020289123806
BM01,92,106.10338599463459,20.946303480421204
BM01,93,103.98553591726606,21.121969963758207
BM01,94,105.63112940423176,21.55484450458858
BM01,95,103.71270767555771,21.522884812160633
BM01,96,17.268779466008393,3.119499702610286
BM01,97,26.265994523706095,10.121636425493122
BM01,98,8.58530348875277,7.588306840955822
BM01,99,12.50144420298418,5.875402009756003
BM01,100,15.183794521815617,10.058366409092066
BM01,101,20.194197276769156,8.329535142572597
BM01,102,10.566966680056407,9.315965538200818
BM01,103,358.8990664569574,4.523827746720832
BM01,104,7.1759255414013365,11.051934509471879
BM01,105,359.81490176840657,13.141164801354995
BM01,106,355.3399383964977,13.281688455121255
BM01,107,359.6627796835548,11.201070252372645
BM01,108,349.7000550407573,7.334680804127462
BM01,109,356.10832781664936,7.787480439572925
BM01,110,357.3820450907144,8.2961446089041
BM01,111,341.1091117665531,6.595623794168204
BM01,112,351.74778620571465,5.31132721871125
BM01,113,331.36470599943647,3.0457608683130295
BM01,114,325.75192665469797,6.389067977226084
BM01,115,330.54804729546277,4.399871006403871
BM01,116,324.2966508452577,5.4408116375249245
BM01,117,355.54573097158556,19.083608537859686
BM01,118,352.3382237695891,17.57851215023003
BM01,119,349.5372773853995,17.605526057328486
BM01,120,351.5532442712771,18.03651411480559
BM01,121,349.88224655530485,18.955326813519175
BM01,122,351.54653739083705,18.919080943008012
BM01,123,344.26378393209427,18.05801653237172
BM01,124,328.6529958488346,13.067292420231631
BM01,125,344.0588748532403,13.057994653357682
BM01,126,325.4466247459836,14.632369445629196
BM01,127,329.8563264113867,11.39748456256471
BM01,128,337.20306115064204,14.58332836658394
BM01,129,322.22875668606616,10.997517452995528
BM01,130,331.95102266306225,14.156369935102221
BM01,131,327.65474795825475,14.425234040875196
BM01,132,343.78107465493326,11.86433260050761
BM01,133,327.6381731548989,12.30599634504289
BM01,134,348.9281284876085,11.03539255484511
BM01,135,321.4023430617144,9.551358522344946
BM01,136,330.5511421471962,12.586380591462346
BM01,137,341.0435094542363,13.125874453625201
BM01,138,336.5355375863031,12.058526233136787
BM01,139,320.2504062896643,8.980810272789315
BM01,140,335.9435502624038,13.167330425928593
BM01,141,323.74387579023517,10.604352085727918
BM01,142,344.871224563551,15.029731393126246
BM01,143,348.2536826302875,14.41520596550183
BM01,144,335.6714360271633,9.498938239131666
BM01,145,352.17130190631593,16.040699372157363
BM01,146,342.0776865816758,4.1171301533725915
BM01,147,343.1544683055542,9.189761923325204
BM01,148,344.1068156368551,9.625508152755337
BM01,149,344.95639602461796,16.12272992719154
BM01,150,340.27852190707546,8.592656652996904
BM01,151,341.0220312323257,10.690977439853636
BM01,152,333.3723824732531,18.8776248783893
BM01,153,325.84588932273545,18.574867349732273
BM01,154,330.3036824862075,18.674110651576843
BM01,155,331.67035656453936,17.341815160587842
BM01,156,328.07642415385146,16.68285404630719
BM01,157,325.65735471803146,16.55838430131685
BM01,158,327.25306122010886,17.275764734674244
BM01,159,34.63340788028373,7.913977224469421
BM01,160,34.81731006743872,10.685575521678217
BM01,161,355.2734515341533,17.441499230704302
BM01,162,355.91291065139234,17.971913979776698
BM01,163,343.49872340732134,20.476752289093394
BM01,164,339.95607642852684,17.596704299420026
BM01,165,7.894117902303085,16.274947975229956
BM01,166,5.938505547546395,17.33644346918222
BM01,167,5.200284726064762,20.004184004193466
BM01,168,3.0034847801908877,18.435133649851444
BM01,169,336.55991323729586,19.648240095050497
BM01,170,359.98870735782884,18.007005937885573
BM01,171,341.9217268659263,16.67404585003933
BM01,172,25.32772791078739,11.60579583868788
BM01,173,347.80586867281767,15.837658758419137
BM01,174,349.2939113586385,21.425153127818426
BM01,175,355.09151686846604,14.352229736056723
BM01,176,20.12116004141019,11.642054075992894
BM01,177,50.723831131291824,20.234112685158497
BM01,178,49.3653652242309,21.781461828180696
BM01,179,335.31662664659945,16.08596064401331
BM01,180,329.8498095987431,19.64500949681028
BM01,181,326.1209093705178,15.627544621749356
BM01,182,335.44320127833754,20.666031604089778
BM01,183,343.39115546471487,19.265832551637327
BM01,184,174.86439244599163,19.92712788825093
BM01,185,151.46105245411542,13.80687235396826
BM01,186,154.00240866884607,12.688191295241086
BM01,187,145.76720236802558,13.085875610387705
BM01,188,205.56295260732705,15.906514375677057
BM01,189,197.24960815135898,15.38551225795044
BM01,190,189.29320079406313,15.786805348744629
BM01,191,188.27051684898808,16.187204959110936
BM01,192,229.8814080027095,7.91858642696931
BM01,193,163.33349801003828,18.680271822644006
BM01,194,211.28095043504902,15.32804858866832
BM01,195,218.04450935329945,17.953718472709642
BM01,196,217.71782146255686,16.437856835490898
BM01,197,183.57714093325612,16.98736700828121
BM01,198,190.06605948520595,15.076775012721269
BM01,199,198.4157206809933,19.063955589191643
BM01,200,210.01127954792304,17.427985562558607
BM01,201,171.4946387924071,21.365951650834685
BM01,202,163.54545825426985,16.67507671941801
BM01,203,178.77652067705466,21.458493803521723
BM01,204,222.8003826100979,16.01380161767515
BM01,205,165.13946043503773,21.475694127813952
BM01,206,162.6902301853948,19.766634253734253
BM01,207,229.90012521636447,16.36986111032948
BM01,208,216.29112233286156,18.64151271804415
BM01,209,207.38256612037588,19.914665648959765
BM01,210,223.27933151245327,20.946055980622038
BM01,211,216.60630486206082,19.304383341308057
BM01,212,218.0712155613338,18.49976554036415
BM01,213,221.342484076005,19.46372876180915
BM01,214,286.99242695990415,5.92292525205949
BM01,215,306.1961071076626,5.6565410407327725
BM01,216,321.75967324709364,14.119090306448633
BM01,217,319.2990036597224,16.684639840362475
BM01,218,316.41559352576655,16.81883886357727
BM01,219,315.51348752170725,18.283123856081996
BM01,220,319.68407475351074,8.109494982573269
BM01,221,312.8570143421106,7.510736757386204
BM01,222,301.6500715186942,10.338070513083018
BM01,223,297.27940185967253,10.797361005059969
BM01,224,301.9185784294345,11.055761142538536
BM01,225,309.2831527185826,9.336520009528865
BM01,226,312.0086787225147,10.381410438856664
BM01,227,310.7268320585813,11.2844050257743
BM01,228,302.4298430087526,8.965059123728022
BM01,229,318.86375072453455,18.716825361472242
BM01,230,316.915746743411,19.233344457549453
BM01,231,315.18845836645676,13.56344980995069
BM01,232,312.981552753553,13.538296356215962
BM01,233,312.74908695209507,12.280245329434976
BM01,234,315.936815166116,12.756378196859883
BM01,235,253.24317604098889,13.315337405530887
BM01,236,261.5806916389652,19.036072413564767
BM01,237,269.3766685190431,12.604134086638217
BM01,238,267.23186287307846,13.217958420457899
BM01,239,262.1950034426993,13.58966621039466
BM01,240,271.35575114983965,16.13747734083618
BM01,241,265.51062465202756,19.400466116081855
BM01,242,264.19331411364885,10.530594338460428
BM01,243,271.4464850467254,9.35092971754274
BM01,244,273.5575347083327,13.49553296321407
BM01,245,264.18988546462623,17.473550375535105
BM01,246,284.5074670324724,9.086123649997676
BM01,247,288.6380333349587,11.900434563615292
BM01,248,297.8335836514931,14.01539556511806
BM01,249,291.1403835850778,14.979861146179513
BM01,250,285.7514660262924,10.61543857395274
BM01,251,289.6329561003495,7.35131354521011
BM01,252,287.85844772483995,8.163539507053212
BM01,253,293.63077902911846,9.275919746933894
BM01,254,292.45843700783405,10.599232591953795
BM01,255,305.0672749616776,3.942750409721661
BM01,256,307.84265905157446,6.278011803403504
BM01,257,293.6981497563709,12.3108402487153
BM01,258,308.427401177727,12.635366799987487
BM01,259,245.27682924553125,19.314587278419058
BM01,260,234.06277491872413,11.819038179036713
BM01,261,253.95697656430127,14.913773766915757
BM01,262,322.6325995734104,21.05986749628215
BM01,263,244.39722954169974,19.92065283454055
BM01,264,240.38114744206294,17.344102394218798
BM02,1,19.28740575337536,8.913163167700308
BM02,2,50.76830722622853,12.351374977203452
BM02,3,41.408141017622896,19.3312412003604
BM02,4,42.598660095761865,19.49307999041706
BM02,5,64.54551382128015,4.450813132955822
BM02,6,29.01644772207676,18.458710799055613
BM02,7,80.04092460185328,11.359337543647806
BM02,8,82.01319716919227,12.317653965089265
BM02,9,88.052842832563,13.110060468490746
BM02,10,84.5695609744639,22.047295134497894
BM02,11,75.40319574948717,9.3717331261762
BM02,12,33.73163240698347,17.112858109262053
BM02,13,77.85676110280657,12.528522869168576
BM02,14,89.7883941843202,22.561423447357534
BM02,15,1.431940310433709,17.927167522004922
BM02,16,90.26006023640022,21.227520541492613
BM02,17,356.4010731501803,7.9203549438788
BM02,18,332.31321857139454,3.529147846700023
BM02,19,332.75152750948916,5.545709881991152
BM02,20,322.64258356103903,5.665136537982606
BM02,21,315.15897436339384,5.709475088124878
BM02,22,308.91635187772914,16.807834111170497
BM02,23,321.7836558141524,9.277622567747986
BM02,24,273.58601903242413,7.853012301336717
BM02,25,273.84677103607714,5.056660612853305
BM02,26,288.7221157923776,3.965535670269682
BM02,27,280.5958705746583,21.058229065632155
BM02,28,289.6132937913456,20.89943250217149
BM02,29,301.92528851898146,17.034474228991066
BM02,30,305.9045573262594,13.235801998918168
BM02,31,305.18370897488245,13.664818208757687
BM02,32,174.92014227840411,13.441287415097317
BM02,33,191.32200405135538,16.546612155532003
BM02,34,187.00251932835536,20.910209493859664
BM02,35,188.62615984174772,20.978660081188476
BM02,36,166.5180117849503,13.695818430921184
BM02,37,188.54905867056095,19.310289169488104
BM02,38,177.98339032289417,15.469712629191227
BM02,39,168.5993079639162,21.653491490644022
BM02,40,142.73985812139261,14.59357735436831
BM02,41,172.69562869692777,22.02559436322933
BM02,42,190.64327895424697,17.85249384409645
BM02,43,162.83223861171436,14.822819608066272
BM02,44,172.37069737295394,15.357468813436858
BM02,45,188.37455777086006,17.169152882459773
BM02,46,175.065020147452,21.211799352217568
BM02,47,166.0292920532372,19.80429920516933
BM02,48,175.72143858039718,15.030109015785143
BM02,49,168.15579286348543,14.800148031557667
BM02,50,168.54834126886612,20.34537035908621
BM02,51,179.62333424331814,21.672048520205387
BM02,52,174.31077097069866,19.231201129324404
BM02,53,165.78789700199295,15.39607859943546
BM02,54,185.54747908145157,17.45883544866906
BM02,55,167.29637414027457,16.088152428526364
BM02,56,170.98659320213304,18.860018553281584
BM02,57,182.12024376505153,16.148868615339946
BM02,58,184.9385403007809,19.207405392013122
BM02,59,168.415985343265,18.767817151779063
BM02,60,167.22957082869348,19.106303858710856
BM02,61,179.0075311207847,18.033288853769736
BM02,62,181.45222385933073,18.961573214907197
BM02,63,169.98686251133546,16.301630434678323
BM02,64,166.33975099733127,17.092210097226182
BM02,65,178.85413207657572,16.396895438825098
BM02,66,180.4735399713851,18.337223469604744
BM02,67,180.21909662598995,17.36214311321706
BM02,68,168.41285895647692,17.64133773677407
BM02,69,176.26829514876124,17.83248758223279
BM02,70,171.66080357069944,17.534717629226837
BM02,71,174.75246090836328,17.24733149781804
BM02,72,162.56077768152565,20.045141732510807
BM02,73,161.38151328335294,20.962491054907186
BM02,74,152.07013950895072,22.031306830089452
BM02,75,158.98695593156694,21.192915274768477
BM02,76,174.59184669781195,11.685675679269318
BM02,77,175.97013190086156,8.689833783441204
BM02,78,109.6442344987616,17.1744529696193
BM02,79,119.83379912634803,7.60664522473195
BM02,80,118.50681943309638,20.5422320820914
BM02,81,156.4742780366867,15.216198750396352
BM02,82,159.31073786665056,17.854510065225444
BM02,83,102.44681672558738,20.839594989348868
BM02,84,102.86817890606797,18.97155681330605
BM02,85,101.02989570226048,17.924787634089544
BM02,86,98.66707234188284,16.845678568658297
BM02,87,159.96992543766314,16.796644464890907
BM02,88,94.56334621761019,21.45399287622476
BM02,89,97.97338725172602,19.08199153302153
BM02,90,193.21638497270482,5.962037783335975
BM02,91,213.90285788460753,8.684854425916301
BM02,92,189.5129513203749,12.064641150206715
BM02,93,230.0188000463271,15.338827768847661
BM02,94,211.9923577858569,16.07921224716943
BM02,95,226.3273342558709,8.299279108418734
BM02,96,229.5665936281408,7.303994552563708
BM02,97,227.6352901400093,13.483931875295884
BM02,98,225.19517987931306,12.451703723542147
BM02,99,226.93258026828738,11.794509892430904
BM02,100,224.1767771635193,10.358081684454786
BM02,101,216.73789816579085,11.263866961465478
BM02,102,209.06908716010446,3.42626123068081
BM02,103,210.97836400209266,20.421121309059
BM02,104,210.6128896465409,16.753138279361515
BM02,105,209.50713720475704,4.271951478277783
BM02,106,203.29291560057897,6.929208521435223
BM02,107,200.55321826221225,7.661165185096361
BM02,108,207.06560927826638,8.254997848937107
BM02,109,206.2474481885304,12.727968069712658
BM02,110,196.24868313112097,13.689362327444854
BM02,111,198.33982170354463,13.00050966538074
BM02,112,190.47319451367122,7.210647537828979
BM02,113,242.9626123303793,8.081887515188809
BM02,114,239.70027118575246,6.670567484923203
BM02,115,237.83329449634925,4.855093288516074
BM02,116,236.15066349359938,5.710763044686691
BM02,117,227.55937925110538,2.8293638210480485
BM02,118,206.79101218695487,14.647289979485047
BM02,119,263.9720898612874,15.67807489776419
BM02,120,252.54064138672882,7.298496948601728
BM02,121,253.6260459175095,3.276274632375589
BM02,122,266.30551518290673,19.532646330337457
BM02,123,266.3360917615344,18.75820918007098
BM02,124,202.33417279168415,16.483033788034056
BM02,125,208.7169385558861,10.87414754261251
BM02,126,232.22113406640796,19.551991597274853
BM02,127,253.16475564515702,18.573132347769025
BM02,128,194.71077085658965,16.49452344802088
BM03,1,99.68914387572535,21.860875721804902
BM03,2,61.82882226678876,21.611483227661676
BM03,3,13.069210510584785,19.465942712843308
BM03,4,356.6815063420261,13.814673671069887
BM03,5,347.1501698072129,15.746395979123752
BM03,6,321.0998463128668,20.60906057159816
BM03,7,357.2509149247562,11.978608052917517
BM03,8,139.29942952621766,9.707347097723064
BM03,9,155.85594027640076,7.444987100404913
BM03,10,104.22127814390467,22.13599669659203
BM03,11,112.20270136252122,4.73031274995919
BM03,12,209.42659466002084,18.84716989316567
BM03,13,229.99101812837839,9.69919515825442
BM03,14,217.24317413874334,16.54230420487099
BM03,15,233.64471131671843,9.052937299969312
BM03,16,204.45868798566323,14.173133197180011
BM03,17,260.4670296833407,17.75890935239167
BM03,18,259.91351706043525,17.140182747334695
BM03,19,279.8247021222116,21.03023600727483
BM03,20,260.0646922008802,18.5531457708563
BM04,1,342.5760297073253,6.029364789963067
BM04,2,36.66440602559737,14.947253950147047
BM04,3,33.573090718115516,14.532709872339364
BM04,4,38.15582487923141,13.109542232540047
BM04,5,51.51852895866153,16.015897744509836
BM04,6,62.95766470194775,15.58482496386228
BM04,7,265.37684760775795,16.435706195981375
BM04,8,244.1049776730274,16.745880388018037
BM04,9,258.35143526175034,16.492458909471736
BM04,10,252.50022794975297,16.54706233764038
BM04,11,259.6029277753752,9.948526236850613
BM04,12,263.1040032387019,4.235537111327435
BM04,13,257.21880254673107,4.099416218770343
BM04,14,259.36502949516114,14.659456695467465
BM04,15,261.5177397208467,14.074439437189309
BM04,16,276.35371245938876,15.057944850266159
BM04,17,326.1780580464223,6.404532907095477
BM04,18,320.3472808635893,19.42955748920413
BM04,19,323.33719185826646,11.612364278490846
BM04,20,269.67889035246594,20.770144560450184
BM04,21,255.14616271420164,18.397433549441743
BM04,22,130.39801457329713,11.173533943910016
BM04,23,138.5441129533005,17.6478065907023
BM04,24,155.7482246566596,19.498873619503808
BM04,25,104.73483541838627,11.352985073902353
BM04,26,113.87577549353325,11.401751434935358
BM04,27,107.31559612852104,11.166941246109184
BM04,28,122.74924689570062,11.64245182836789
BM04,29,152.43830294036613,20.254349255091853
BM04,30,230.6280443580349,15.52317469271628
BM04,31,216.29906347662805,19.19849050580675
BM04,32,250.19344873997753,17.970246706744796
BM04,33,216.4234927309211,19.49294191981727
BM05,1,34.530485257718944,14.312252124506742
BM05,2,19.55486974490192,16.335742276572716
BM05,3,18.617963866856908,15.535561345538785
BM05,4,18.234758588005846,21.04077047535935
BM05,5,31.801546340302785,12.922535284283143
BM05,6,29.898015716069406,12.141064862787982
BM05,7,45.104464538883214,12.925378015082444
BM05,8,32.90480833184494,21.328364016141357
BM05,9,23.672202207535854,19.4078049352576
BM05,10,19.63975051572691,13.76018311042542
BM05,11,35.6136101975063,16.951674341547722
BM05,12,36.53715393983434,17.654545431352755
BM05,13,33.68273562522645,16.346949288208215
BM05,14,32.10204066643009,16.69305284889084
BM05,15,28.282340003085682,17.40663367466484
BM05,16,17.542790652608733,11.949477618942453
BM05,17,49.88142506337364,10.268110218968147
BM05,18,48.77306592052292,11.381658859953479
BM05,19,41.908132996739454,16.62277404739667
BM05,20,38.79108881735422,16.320030394455642
BM05,21,43.55645804052812,13.771113502789408
BM05,22,51.90202221004911,13.687986491629486
BM05,23,62.227437468116534,15.773504068475432
BM05,24,48.22091582585637,14.487360464789338
BM05,25,46.18188396847982,18.80905355532793
BM05,26,43.2685636406039,12.350757153193241
BM05,27,93.46202683947033,6.645425665802097
BM05,28,58.290318845198705,14.442793390077064
BM05,29,52.52179606021658,19.35256191461859
BM05,30,70.30950006876304,11.625591007262766
BM05,31,59.06054948900044,5.985907264161106
BM05,32,56.47073960056579,20.25987556895592
BM05,33,79.44606033772011,20.44705352235367
BM05,34,48.04243401281761,20.21544626448243
BM05,35,42.90609488451971,18.67960843145208
BM05,36,62.972341051002864,18.07768429545577
BM05,37,41.1238856036031,19.15779136912985
BM05,38,27.238906164873605,20.830490492528313
BM05,39,26.01105043880157,22.135863700050407
BM05,40,22.985411074737613,21.660380531814805
BM05,41,21.112968860886472,20.893150143971578
BM05,42,14.296339532449537,13.690604696154454
BM05,43,0.1160310410167124,13.561153626359824
BM05,44,356.9844448344109,20.94726360326543
BM05,45,345.1239263695656,17.046152137821668
BM05,46,322.99636865417904,14.065763253593856
BM05,47,1.5850895336687145,16.394556757932495
BM05,48,2.2430584189301204,19.020218490477717
BM05,49,278.46672423399633,10.015469887540245
BM05,50,301.30968573828534,13.744861650521205
BM05,51,321.5871422102248,14.123230722996464
BM05,52,273.83375979287786,11.662353782203715
BM05,53,338.3912678580293,20.035096754707133
BM05,54,187.98260298407828,21.736070399426858
BM05,55,179.50018883490716,10.234831755396618
BM05,56,177.45960264919904,15.579486008835383
BM05,57,182.24188450214984,11.532110453077152
BM05,58,178.70589639074132,11.778570677219832
BM05,59,178.78783920658987,12.568194893853923
BM05,60,174.99281173826256,15.72862234204039
BM05,61,147.33530840973026,9.105716625134814
BM05,62,155.62076858463624,8.100633268024724
BM05,63,160.77316920414367,7.7565672024332075
BM05,64,147.37336818872754,17.35629061227313
BM05,65,145.65231729111255,12.979447828403444
BM05,66,141.12667939895928,10.605139556421433
BM05,67,175.18001266901567,14.82781181522514
BM05,68,143.0098339453496,11.76873536226203
BM05,69,134.71320658346306,20.14531380580637
BM05,70,183.33634034760956,14.636805033103654
BM05,71,167.67440836737975,17.335106239952328
BM05,72,153.4732479062379,16.96980727962801
BM05,73,102.12491434180953,14.07823577938022
BM05,74,111.47602255530535,7.696303203239835
BM05,75,112.54318765773978,8.72916960245915
BM05,76,123.2465252022819,20.778300260858938
BM05,77,182.93559992437721,17.75579251120286
BM05,78,116.42384425901146,20.173075905935907
BM05,79,164.4816490127911,14.925862821779416
BM05,80,156.958719382127,19.7505291654692
BM05,81,146.6179515801807,12.44988841248645
BM05,82,116.17836977066455,17.86767560490241
BM05,83,160.10053724177936,17.99937162808985
BM05,84,186.81354696344238,14.301553756356974
BM05,85,195.22965626936966,14.373636604481918
BM05,86,191.15755127576477,14.184659612230968
BM05,87,191.32730157726408,15.630019633436891
BM05,88,164.76404305614327,16.97686129400495
BM05,89,172.72377832991046,19.208569561604907
BM05,90,208.85156773788907,13.284603339685315
BM05,91,206.4939946738948,11.202593771854191
BM05,92,195.66135036781142,17.321859182083422
BM05,93,202.10761084689693,12.40432063097371
BM05,94,193.52493311988718,10.684084674863831
BM05,95,193.9533588226344,11.438239661897951
BM05,96,196.1459339867468,13.815601848986896
BM05,97,195.36333074770934,9.207729619926964
BM05,98,188.01464771517806,12.19020491255047
BM05,99,220.65759399335562,18.727062546425906
BM05,100,220.07620537392302,12.425899429430666
BM05,101,247.28892723364743,10.73701985794488
BM05,102,244.67357667882948,9.31641521812846
BM05,103,235.00370579362084,16.68177019937672
BM05,104,223.34660717232242,20.057628487368827
BM05,105,215.58262143499738,13.356097418634354
BM05,106,262.04699809579256,2.5275884990459785
BM05,107,242.61735382177358,15.082305384303007
BM05,108,227.39334443979408,18.50959648191581
BM05,109,232.08539122252438,19.06744572506488
BM05,110,231.0032264321812,15.576659888868669
BM05,111,230.54359489730047,17.120544387520123
BM05,112,258.28131063174385,19.945188015831338
BM06,1,31.91949477175722,10.602189458911628
BM06,2,21.25757179404214,7.520140286736809
BM06,3,10.728566691224216,10.125372949327009
BM06,4,351.79257840230156,10.21531551479798
BM06,5,10.954268277602022,11.85903822045266
BM06,6,344.5522937795523,8.5451725600327
BM06,7,10.500969491106238,11.171057741062354
BM06,8,4.342885618350471,10.19260103906768
BM06,9,343.89731048732364,9.275498275553053
BM06,10,16.959134363915354,8.530417975414188
BM06,11,5.549970265742876,15.542777993736248
BM06,12,13.748968199807958,16.33716001165072
BM06,13,39.20623748414886,6.879122051235522
BM06,14,44.63385412557938,15.654820098542672
BM06,15,34.76376741052654,15.20018064790668
BM06,16,8.593235279343473,13.98272702410864
BM06,17,36.090484261471346,20.88254245620876
BM06,18,43.78703381972735,21.447071688298994
BM06,19,83.11123881274777,5.697543943902451
BM06,20,67.29455444784489,12.507528530400446
BM06,21,65.51802778304845,18.363096215717228
BM06,22,77.64694889970316,19.435277419546857
BM06,23,6.621010317674095,11.846643179039667
BM06,24,354.3825628996811,8.256883790534594
BM06,25,353.6232062686541,12.001755614436648
BM06,26,338.65092771027406,7.281670257181196
BM06,27,341.26275134165786,13.793800276767595
BM06,28,337.84303770048314,8.018939374440663
BM06,29,335.2376294810307,8.034773256944064
BM06,30,317.9490516077126,16.90026042755825
BM06,31,270.23022139884415,20.769102860650545
BM06,32,290.6070294398602,15.825666855230645
BM06,33,282.8808165124615,19.970524960051975
BM06,34,170.1501179301294,3.5459323538214864
BM06,35,149.40731469834964,8.471823898785322
BM06,36,166.47598273872134,20.999727002970545
BM06,37,162.90891387934005,20.073333540759815
BM06,38,123.91589992011322,13.186205199225103
BM06,39,95.67223106421592,7.398190880700553
BM06,40,114.01821201951665,20.233058923870843
BM06,41,127.35311752089545,20.905966855005573
BM06,42,172.03864466454237,21.950671307391683
BM06,43,205.32278056160172,8.173630573469529
BM06,44,192.964618707725,17.674795146490496
BM06,45,188.31162781702702,18.662065785188815
BM06,46,228.16187966586415,17.339617074191292
BM06,47,220.5801852252145,19.655504109840994
BM06,48,215.71947504610307,16.136884201472405
BM06,49,212.5092154958137,15.979757856176464
BM06,50,244.0755987985978,20.61344978786729
BM06,51,234.57915868743063,18.240938782582027
BM06,52,193.00418008426658,16.38693624894804
BM06,53,195.49933691677123,17.552916643187825
BM06,54,197.13151862479393,16.8970162131695
BM06,55,197.62646176104434,14.780966144403509
BM07,1,358.1737329874619,19.463208163252833
BM07,2,28.14356991052566,18.260432324196767
BM07,3,285.2465667175219,4.801478514314602
BM07,4,338.34100460818615,5.087605357679824
BM07,5,289.98237059464634,4.399968449263231
BM07,6,302.83711606030965,3.237364153671646
BM07,7,329.62253996944,5.0359287084645805
BM07,8,335.9052374260234,3.293198003985799
BM07,9,339.8181979529708,4.21618368518187
BM07,10,9.593414423159569,2.5792637420821727
BM07,11,347.4002212151306,2.6332946977988714
BM07,12,75.9214219832528,22.423817414960755
BM07,13,72.56900639577182,22.13126439466854
BM07,14,62.54794975939678,20.074057297831686
BM07,15,65.97348687343735,17.65389593773372
BM07,16,64.25869004775754,20.77971173640909
BM07,17,341.4017023734272,10.263864716119222
BM07,18,321.8753716214181,17.8167281618288
BM07,19,356.4556874534179,5.824638387178515
BM07,20,354.62592432342325,19.62246471094881
BM07,21,354.57045532471057,19.122638581756615
BM07,22,343.63505111204813,15.096033968582194
BM07,23,339.93284808535947,7.8972594045419555
BM07,24,337.55543195163517,6.111245828977559
BM07,25,336.0331038480667,16.805534334482704
BM07,26,331.4479984925284,20.297228884570917
BM07,27,330.71836467361317,21.5422021182371
BM07,28,306.5057544716185,20.50573367046548
BM07,29,332.04409502363166,21.546187157050685
BM07,30,333.40682122313655,21.224482346205864
BM07,31,340.9348595196556,20.58843681421654
BM07,32,317.7262801295751,17.077816432603065
BM07,33,276.6157572022927,18.230302564720336
BM07,34,268.79997132040285,9.929125381400256
BM07,35,271.308600762604,18.870084269135113
BM07,36,220.34575504372094,1.4799266867380485
BM07,37,213.38963784039854,2.9520595146912134
BM07,38,279.19206024271904,13.035825069954466
BM07,39,276.04560493524895,16.27895464524878
BM07,40,317.23716323821657,19.677108063107816
BM07,41,320.8521243452342,20.16537659471898
BM07,42,310.28015183821947,16.415870410793882
BM07,43,354.84693382045657,21.402594718020488
BM07,44,337.0188480248151,20.956638687858856
BM07,45,329.4450714236306,21.285293205191323
BM07,46,335.40763748969994,21.780089659985848
BM07,47,326.7224903768377,19.36531067828075
BM07,48,173.73302810047952,20.580769061368983
BM07,49,168.47331709656825,6.260548378982154
BM07,50,163.02675077439352,5.999029549373922
BM07,51,167.54525799755112,7.831417937562722
BM07,52,166.4464761703539,6.9568535196966295
BM07,53,150.45571890934545,21.335006077852572
BM07,54,145.10731131495675,20.54998674454339
BM07,55,132.99587735076773,16.271221379442025
BM07,56,133.96268306422607,17.186708107476846
BM07,57,132.1779649751254,22.084045873135103
BM07,58,162.72423225717685,11.118745436409762
BM07,59,156.51359126530156,18.20382193018991
BM07,60,124.65430658388244,15.812858392138729
BM07,61,111.29612033630644,2.778013455100324
BM07,62,88.2031707969032,17.276697020001382
BM07,63,97.04164922120488,20.875309681947083
BM07,64,144.87705828698262,19.57492325160764
BM07,65,173.76649057165747,15.650213311930491
BM07,66,153.41177324504352,20.13444339733034
BM07,67,162.21461917805348,17.438600934555176
BM07,68,141.47688295264348,20.380067862186774
BM07,69,128.9116693311435,21.042620088804302
BM07,70,135.5201507636121,16.790280205776615
BM07,71,161.6985325250706,19.793535579742247
BM07,72,226.28394321539767,16.721837028468347
BM07,73,185.27619945194786,17.882357719109827
BM08,1,15.865771072809048,12.830672075393077
BM08,2,36.75494708590518,19.514231739322746
BM08,3,72.52857290351768,7.711786828839883
BM08,4,64.33462671466268,9.215225101239195
BM08,5,87.59824687309491,3.2269831038379255
BM08,6,59.30005316049292,8.574361166386927
BM08,7,63.76601194644247,9.040964611726142
BM08,8,68.40917495435029,18.55997123546963
BM08,9,56.135704262660006,3.565692987682935
BM08,10,59.06603143399213,22.330526429186605
BM08,11,355.289374836688,11.309459488425809
BM08,12,334.5061956583154,19.196368982543994
BM08,13,341.66221020779153,20.93955352517463
BM08,14,285.6129249442107,5.679519514874029
BM08,15,296.966262699222,15.781624443366614
BM08,16,352.50467675503285,21.5812477465341
BM08,17,152.69958454863246,20.56149002117221
BM08,18,116.64496330037242,11.960755114695738
BM08,19,116.18059935831272,13.621831572867732
BM08,20,104.84377614451905,11.078832374768071
BM08,21,100.54919132369066,13.563805027147618
BM08,22,101.416945546082,10.097975875906897
BM08,23,88.68966027478852,7.642451725805902
BM08,24,91.51425093419435,12.453808733934782
BM08,25,94.94792689435957,7.697736352852878
BM08,26,93.55179296697963,15.562663059821494
BM08,27,93.38988925676391,15.119272938906468
BM08,28,108.01688019276408,12.8989447953809
BM08,29,208.68857890971293,14.75179112373439
BM08,30,188.98140028809746,18.829465963995553
BM08,31,208.8650191257348,18.59781161381276
BM08,32,199.4688951445021,20.847287058828552
BM08,33,247.26448082036086,13.62720731815589
BM08,34,228.6295536112736,5.646716274237959
BM08,35,216.07369290224298,15.797521117072346
BM08,36,222.1356350403786,4.407045634609396
BM08,37,213.4861450618371,12.946865880355293
BM08,38,210.77065107921095,11.368555718371605
BM08,39,245.60783198072482,11.564989747051365
BM09,1,52.8179834162532,21.788478494903416
BM09,2,42.91672794399655,19.487624582247395
BM09,3,42.94025279399046,17.873908788626405
BM09,4,89.93834791097272,5.781842792784989
BM09,5,83.46762225475494,19.072728059815105
BM09,6,76.7262572234604,20.755276978914083
BM09,7,68.41511853705042,21.27665580412857
BM09,8,79.2605718846457,18.90732663821748
BM09,9,78.11848957952596,19.472540299465663
BM09,10,77.08760441339375,18.741628908408025
BM09,11,75.00311452248582,21.569577005459266
BM09,12,78.36668548706238,18.091144255816562
BM09,13,56.7782383202194,19.33208757599738
BM09,14,58.46528452064299,19.5766200313814
BM09,15,61.72752493895075,20.27041949850275
BM09,16,59.545758901521296,16.96362156901564
BM09,17,57.044500429238234,21.7459512013445
BM09,18,54.108571586008196,17.60073531243268
BM09,19,83.2702138199765,19.814590371141694
BM09,20,53.750856838852705,18.95318573067541
BM09,21,56.22893743888002,16.068414635195953
BM09,22,70.12387321205928,19.50308961395565
BM09,23,60.82918370406146,21.050394967245072
BM09,24,84.79328278548236,21.93658369831787
BM09,25,347.80340835981593,8.807880375039971
BM09,26,310.13569634514494,5.905315064653497
BM09,27,286.3332213303739,11.245277424888267
BM09,28,278.94133571571916,18.2171428922396
BM09,29,279.43101938770127,17.122342808308208
BM09,30,278.98561020662845,10.46722195351374
BM09,31,280.15218291541237,15.974438519547558
BM09,32,276.4473802530207,10.958221989903697
BM09,33,274.3239692141683,4.283181089895812
BM09,34,266.2681490131493,3.5749439767925844
BM09,35,280.18765087509587,2.8445173764354936
BM09,36,285.6298517593182,17.140507846875348
BM09,37,277.94846857699116,19.83254581652189
BM09,38,282.4360312455755,20.741964752486222
BM09,39,286.7160937469828,14.695422711512089
BM09,40,291.69693189063787,10.154926190132727
BM09,41,293.7460301617032,9.39839208104599
BM09,42,297.3213033072935,14.64538213363138
BM09,43,306.645439915188,10.239250514276698
BM09,44,313.3202495910849,12.607624713105407
BM09,45,310.0414734801612,13.331720378716694
BM09,46,314.0501686166329,20.875098078791407
BM09,47,311.9577935984558,20.784294928795543
BM09,48,311.4549257391564,15.4226337881847
BM09,49,313.06726586960144,18.55763667906752
BM09,50,312.4690754120458,17.16384192091842
BM09,51,313.30440741895075,19.274562742862116
BM09,52,311.3042066932391,10.547650424276922
BM09,53,313.91008356363074,14.749680854160301
BM09,54,317.38319074814194,19.840979346239273
BM09,55,318.9648362358169,14.341548869392803
BM09,56,294.072227493041,11.175396425086575
BM09,57,281.73957740999265,19.057999741267082
BM09,58,283.4901481677896,19.821445551184333
BM09,59,177.69176224530767,13.783159334753107
BM09,60,173.34667099875716,19.567960558138306
BM09,61,168.9267957414989,20.633516727122093
BM09,62,148.6125749869659,20.95733622317334
BM09,63,151.3178670899122,19.909568336559154
BM09,64,163.65671646710268,18.686175239320875
BM09,65,169.63602378577383,18.784014079888507
BM09,66,158.82387155909998,20.81498058060687
BM09,67,160.7880609354714,19.28883862725256
BM09,68,161.87655608451675,20.080429624095434
BM09,69,166.78883965625144,16.95972032858357
BM09,70,159.55662467335063,15.511276859586474
BM09,71,153.66031733085273,13.886382620189831
BM09,72,149.8680332623209,13.541039458613072
BM09,73,163.52460866456195,14.629111419714045
BM09,74,158.8631623293199,18.119118894667295
BM09,75,155.12838232255345,15.831576511962483
BM09,76,159.2235320861899,16.42910153789543
BM09,77,139.98335467654152,17.011556670302003
BM09,78,139.60806433961022,20.096406462677034
BM09,79,140.50823886675593,17.743065489472524
BM09,80,149.55866391225322,17.18084511402141
BM09,81,148.1963115565655,19.257961468996832
BM09,82,143.8169585242334,19.180221674458423
BM09,83,147.76529046801468,12.144767663323696
BM09,84,146.7765190013785,17.42380758693336
BM09,85,144.47523457998065,16.972887915657555
BM09,86,136.94940290348126,19.328375507348902
BM09,87,181.23533584528082,16.03703577265777
BM09,88,148.76191207114073,15.652338087171506
BM09,89,146.65061981169896,14.732110992739086
BM09,90,133.9394316854908,17.78993403107153
BM09,91,131.5529046782751,15.372227048958441
BM09,92,127.38184763349508,14.81625212872059
BM09,93,134.24000530708153,20.129434446890453
BM09,94,129.5191754590053,13.912079532182059
BM09,95,101.48920915630305,18.577288936899038
BM09,96,172.93118872612988,21.160096911998476
BM09,97,151.64285843318032,20.814059219348366
BM09,98,158.02183995198584,19.81660044194911
BM09,99,155.18300204010612,20.910483976187404
BM09,100,165.57103229736794,20.516310381562484
BM09,101,166.30987061304396,21.26791182212673
BM09,102,246.739299933742,11.812616713596544
BM09,103,243.7371183918841,20.71149566436465
BM09,104,234.81035574165702,20.27602448770187
BM09,105,235.4330941993333,19.979610395385173
BM09,106,231.3809316778554,19.321996450784056
BM09,107,238.73211287420435,18.82044118394058
BM09,108,231.2882322709339,18.548568220948656
BM09,109,231.42868912054692,17.19695659424498
BM09,110,254.38477898248493,5.717061158763445
BM09,111,235.30671267034035,17.15186821372204
BM09,112,228.80754781673537,17.377332505762993
BM09,113,222.05073314247906,20.409932832803896
BM10,1,301.5928535883018,5.899320001366186
BM10,2,29.1168297480379,12.62966622597191
BM10,3,17.393843763616058,4.100814388297039
BM10,4,17.312686472662804,6.5773958710491485
BM10,5,18.627554821601578,7.253893835469625
BM10,6,357.4708321336109,12.422494808866498
BM10,7,353.2252797461471,18.808508882580565
BM10,8,355.0063657581475,13.09415581726835
BM10,9,351.3339551280822,19.84696970386634
BM10,10,223.5373923881746,11.360718736677079
BM10,11,218.4696594646439,12.358263959046248
BM10,12,210.31668255195765,17.60275980192976
BM10,13,234.21050663362394,1.04297378486735
BM10,14,214.09728257231131,15.803570248132564
BM10,15,257.4578656130254,5.344395537065462
BM10,16,258.6558047550475,4.902082604063131
BM10,17,163.08703130544257,20.825957716112143
BM10,18,106.67806626019544,3.3749945174792577
BM10,19,65.5704998797633,10.900857129992742
BM10,20,82.37621799663226,13.04228328690823
BM10,21,56.24925220926775,16.559464717315105
BM11,1,179.6458769237995,4.5902474924861645
BM11,2,159.00632602497973,6.208110024257358
BM11,3,14.559544221737317,11.63593451488355
BM11,4,23.599845610915615,12.338501355406644
BM11,5,20.934400993350575,18.39113209293375
BM11,6,8.939421179334158,4.893313534020533
BM11,7,356.7125140837872,20.03626316296071
BM11,8,346.5422529091598,18.00749796913347
BM11,9,314.0206124696391,19.56999919331814
BM11,10,154.778647732559,18.295730559155267
BM11,11,1.2847268762290536,19.89806814342735
BM11,12,2.6967486370206855,20.400243029885576
BM11,13,41.18721504549828,15.601936478175105
BM11,14,41.73677252064586,12.155476332862623
BM11,15,323.5656769199612,20.099217036808152
BM11,16,223.42663175212974,11.750959590748913
BM11,17,224.06253405755618,12.74563834769339
BM11,18,213.54410544234662,13.20941467493553
BM11,19,206.2176672154121,2.352666220627565
BM11,20,49.79609671643815,16.07855850242328
BM11,21,291.2302034897634,11.819619531897295
BM11,22,119.58101136995258,16.49091783023821
BM11,23,71.91356613138602,17.02652033114811
BM11,24,78.22964898900119,22.295935735284147
BM11,25,71.61547289540907,17.859665527646843
BM11,26,105.86193892363994,20.81962305712927
BM11,27,97.53452350079164,17.719198114408684
BM11,28,85.85323221785892,18.987009423157538
BM11,29,94.63590847724315,18.166161721561974
BM11,30,61.5406598924355,21.690433076215665
BM11,31,52.156337855712025,18.056632585557992
BM11,32,113.31295990879201,21.43282849528833
